Area,1990M01,1990M02,1990M03,1990M04,1990M05,1990M06,1990M07,1990M08,1990M09,1990M10,1990M11,1990M12,1991M01,1991M02,1991M03,1991M04,1991M05,1991M06,1991M07,1991M08,1991M09,1991M10,1991M11,1991M12,1992M01,1992M02,1992M03,1992M04,1992M05,1992M06,1992M07,1992M08,1992M09,1992M10,1992M11,1992M12,1993M01,1993M02,1993M03,1993M04,1993M05,1993M06,1993M07,1993M08,1993M09,1993M10,1993M11,1993M12,1994M01,1994M02,1994M03,1994M04,1994M05,1994M06,1994M07,1994M08,1994M09,1994M10,1994M11,1994M12,1995M01,1995M02,1995M03,1995M04,1995M05,1995M06,1995M07,1995M08,1995M09,1995M10,1995M11,1995M12,1996M01,1996M02,1996M03,1996M04,1996M05,1996M06,1996M07,1996M08,1996M09,1996M10,1996M11,1996M12,1997M01,1997M02,1997M03,1997M04,1997M05,1997M06,1997M07,1997M08,1997M09,1997M10,1997M11,1997M12,1998M01,1998M02,1998M03,1998M04,1998M05,1998M06,1998M07,1998M08,1998M09,1998M10,1998M11,1998M12,1999M01,1999M02,1999M03,1999M04,1999M05,1999M06,1999M07,1999M08,1999M09,1999M10,1999M11,1999M12,2000M01,2000M02,2000M03,2000M04,2000M05,2000M06,2000M07,2000M08,2000M09,2000M10,2000M11,2000M12,2001M01,2001M02,2001M03,2001M04,2001M05,2001M06,2001M07,2001M08,2001M09,2001M10,2001M11,2001M12,2002M01,2002M02,2002M03,2002M04,2002M05,2002M06,2002M07,2002M08,2002M09,2002M10,2002M11,2002M12,2003M01,2003M02,2003M03,2003M04,2003M05,2003M06,2003M07,2003M08,2003M09,2003M10,2003M11,2003M12,2004M01,2004M02,2004M03,2004M04,2004M05,2004M06,2004M07,2004M08,2004M09,2004M10,2004M11,2004M12,2005M01,2005M02,2005M03,2005M04,2005M05,2005M06,2005M07,2005M08,2005M09,2005M10,2005M11,2005M12,2006M01,2006M02,2006M03,2006M04,2006M05,2006M06,2006M07,2006M08,2006M09,2006M10,2006M11,2006M12,2007M01,2007M02,2007M03,2007M04,2007M05,2007M06,2007M07,2007M08,2007M09,2007M10,2007M11,2007M12,2008M01,2008M02,2008M03,2008M04,2008M05,2008M06,2008M07,2008M08,2008M09,2008M10,2008M11,2008M12,2009M01,2009M02,2009M03,2009M04,2009M05,2009M06,2009M07,2009M08,2009M09,2009M10,2009M11,2009M12,2010M01,2010M02,2010M03,2010M04,2010M05,2010M06,2010M07,2010M08,2010M09,2010M10,2010M11,2010M12,2011M01,2011M02,2011M03,2011M04,2011M05,2011M06,2011M07,2011M08,2011M09,2011M10,2011M11,2011M12,2012M01,2012M02,2012M03,2012M04,2012M05,2012M06,2012M07,2012M08,2012M09,2012M10,2012M11,2012M12,2013M01,2013M02,2013M03,2013M04,2013M05,2013M06,2013M07,2013M08,2013M09,2013M10,2013M11,2013M12,2014M01,2014M02,2014M03,2014M04,2014M05,2014M06,2014M07,2014M08,2014M09,2014M10,2014M11,2014M12,2015M01,2015M02,2015M03,2015M04,2015M05,2015M06,2015M07,2015M08,2015M09,2015M10,2015M11,2015M12,2016M01,2016M02,2016M03,2016M04,2016M05,2016M06,2016M07,2016M08,2016M09,2016M10,2016M11,2016M12,2017M01,2017M02,2017M03,2017M04,2017M05,2017M06,2017M07,2017M08,2017M09,2017M10,2017M11,2017M12,2018M01,2018M02,2018M03,2018M04,2018M05,2018M06,2018M07,2018M08,2018M09,2018M10,2018M11,2018M12,2019M01,2019M02,2019M03,2019M04,2019M05,2019M06,2019M07,2019M08,2019M09,2019M10,2019M11,2019M12,2020M01,2020M02,2020M03,2020M04,2020M05,2020M06,2020M07,2020M08,2020M09,2020M10,2020M11,2020M12,2021M01,2021M02,2021M03,2021M04,2021M05,2021M06,2021M07,2021M08,2021M09,2021M10,2021M11,2021M12,2022M01,2022M02,2022M03,2022M04,2022M05,2022M06,2022M07,2022M08,2022M09,2022M10,2022M11,2022M12,2023M01,2023M02,2023M03,2023M04,2023M05,2023M06,2023M07,2023M08,2023M09,2023M10,2023M11,2023M12
MA0 WHOLE COUNTRY,4974864,4976277,4978381,4980325,4982613,4984601,4986981,4989525,4992072,4994139,4995856,4998478,5000118,5002068,5004396,5006966,5009679,5012239,5015131,5018401,5021064,5023762,5025890,5029002,5030167,5031672,5034212,5036795,5038869,5041201,5043962,5046368,5048855,5050949,5052624,5054982,5056441,5058438,5060510,5062834,5065568,5068162,5070767,5072884,5074775,5076130,5077399,5077912,5078457,5079872,5082131,5084446,5086679,5088758,5090421,5092393,5093902,5095267,5096820,5098754,5099754,5101309,5102982,5104713,5106431,5108385,5110361,5112088,5113493,5114518,5115496,5116826,5116878,5117622,5118893,5120801,5122754,5124390,5126083,5127446,5128662,5129831,5130915,5132320,5132904,5133696,5134748,5136345,5137854,5139612,5141717,5143217,5144459,5145264,5145871,5147349,5147904,5147958,5148369,5149376,5150761,5152676,5154560,5155540,5156651,5157570,5158189,5159646,5159697,5159509,5160220,5161508,5163075,5164615,5166463,5167479,5168663,5169425,5170164,5171302,5170849,5171220,5172087,5173382,5175066,5175995,5176824,5177888,5178827,5179645,5180602,5181115,5182045,5182966,5183995,5185337,5186677,5188099,5189698,5190893,5192065,5193118,5194027,5194901,5195176,5195620,5196359,5197097,5198500,5200033,5201859,5203222,5204599,5205340,5205918,5206295,5206292,5207242,5208533,5209787,5211153,5212822,5214830,5216332,5217587,5218886,5219674,5219732,5220147,5220986,5222507,5224067,5225722,5227493,5229783,5231511,5233055,5234152,5235602,5236611,5237518,5238318,5239456,5241298,5243063,5245128,5247163,5249376,5251407,5253234,5254507,5255580,5256850,5258403,5260133,5261607,5263686,5266026,5268406,5270465,5272704,5274259,5275614,5276955,5278371,5279335,5280543,5282127,5284508,5286856,5289418,5292102,5294601,5296841,5298736,5300484,5302535,5304319,5306060,5308282,5310551,5313132,5316107,5318221,5321080,5323353,5325088,5326314,5327873,5329200,5330922,5332996,5335040,5337489,5340501,5343287,5346310,5348316,5349941,5351427,5352647,5354244,5356143,5357929,5360076,5362477,5364954,5367650,5370313,5372434,5374191,5375276,5376728,5378380,5380140,5381875,5384119,5386474,5389351,5392677,5395840,5397780,5400086,5401267,5402546,5403690,5405185,5407004,5409337,5411614,5414638,5418074,5420901,5423233,5425430,5426674,5428240,5429745,5431137,5432853,5435061,5437482,5440668,5443438,5446263,5448370,5450269,5451270,5452782,5454088,5455730,5457178,5458505,5461086,5463688,5466228,5468880,5470326,5471803,5471753,5472300,5473061,5473881,5474951,5475716,5477608,5480064,5482220,5484498,5485376,5486775,5487308,5486955,5487408,5488312,5489898,5491025,5492917,5495164,5497875,5500533,5501357,5502735,5503297,5503051,5503553,5504532,5505361,5506533,5508069,5510288,5511870,5512813,5513804,5514668,5513130,5513528,5513575,5513282,5513505,5512828,5514136,5515547,5517175,5516637,5517608,5518498,5517919,5517819,5517820,5517893,5518275,5518894,5520337,5521801,5523363,5524233,5524764,5525474,5525292,5526126,5526722,5527183,5527045,5527205,5527887,5529667,5530976,5531768,5533193,5533828,5533793,5534475,5535574,5537206,5538361,5539636,5541506,5543445,5545533,5547248,5548405,5549081,5548241,5548383,5548583,5548909,5549059,5550427,5552489,5554423,5557534,5560406,5562006,5563870,5563970,5564701,5565786,5569535,5572072,5575193,5578539,5582750,5590342,5596839,5601115,5603331,5603851
MA1 MAINLAND FINLAND,4950607,4952021,4954121,4956037,4958255,4960172,4962539,4965040,4967544,4969574,4971271,4973874,4975510,4977452,4979769,4982327,4984993,4987515,4990358,4993613,4996267,4998945,5001076,5004155,5005289,5006773,5009317,5011868,5013941,5016247,5019006,5021398,5023875,5025965,5027635,5029989,5031456,5033449,5035525,5037820,5040535,5043121,5045713,5047829,5049736,5051073,5052330,5052810,5053342,5054762,5057007,5059332,5061539,5063600,5065245,5067208,5068737,5070117,5071670,5073596,5074591,5076152,5077824,5079549,5081235,5083189,5085160,5086896,5088317,5089347,5090325,5091624,5091718,5092459,5093729,5095621,5097557,5099155,5100836,5102209,5103439,5104584,5105677,5107063,5107640,5108422,5109484,5111070,5112543,5114286,5116362,5117858,5119103,5119888,5120500,5121957,5122521,5122547,5122955,5123933,5125249,5127139,5128998,5130000,5131105,5132006,5132614,5134021,5134070,5133877,5134597,5135891,5137425,5138930,5140754,5141778,5142971,5143716,5144464,5145596,5145142,5145503,5146361,5147653,5149314,5150193,5151014,5152092,5153044,5153886,5154840,5155339,5156264,5157176,5158217,5159525,5160821,5162178,5163740,5164940,5166101,5167159,5168068,5168893,5169154,5169568,5170262,5170947,5172321,5173809,5175561,5176918,5178321,5179062,5179655,5180038,5180037,5180998,5182293,5183521,5184868,5186471,5188429,5189970,5191260,5192549,5193329,5193385,5193808,5194642,5196128,5197667,5199292,5201016,5203265,5205013,5206615,5207674,5209088,5210081,5210991,5211785,5212914,5214733,5216446,5218407,5220426,5222680,5224719,5226533,5227789,5228814,5230087,5231627,5233317,5234758,5236798,5239090,5241441,5243585,5245843,5247401,5248737,5250032,5251423,5252374,5253565,5255107,5257443,5259722,5262246,5264970,5267482,5269716,5271604,5273331,5275350,5277104,5278814,5281002,5283203,5285703,5288616,5290781,5293692,5295963,5297670,5298858,5300409,5301688,5303381,5305428,5307416,5309791,5312765,5315625,5318640,5320643,5322265,5323693,5324919,5326509,5328390,5330127,5332223,5334548,5336987,5339736,5342395,5344499,5346214,5347269,5348728,5350381,5352108,5353804,5356019,5358285,5361106,5364430,5367582,5369513,5371779,5372913,5374189,5375306,5376799,5378572,5380856,5383070,5386051,5389528,5392407,5394739,5396929,5398173,5399737,5401234,5402617,5404296,5406480,5408816,5411957,5414775,5417610,5419718,5421612,5422604,5424106,5425390,5427004,5428428,5429697,5432187,5434728,5437307,5439992,5441448,5442892,5442837,5443415,5444176,5445013,5446085,5446833,5448676,5451141,5453337,5455639,5456477,5457826,5458325,5457957,5458396,5459293,5460847,5461945,5463743,5465967,5468739,5471389,5472206,5473575,5474083,5473818,5474300,5475290,5476087,5477190,5478590,5480780,5482425,5483393,5484391,5485210,5483641,5484037,5484071,5483765,5483972,5483249,5484463,5485797,5487454,5486946,5487880,5488738,5488130,5488016,5488004,5488058,5488434,5489006,5490401,5491872,5493473,5494367,5494893,5495612,5495408,5496287,5496870,5497309,5497148,5497253,5497889,5499629,5501010,5501780,5503191,5503798,5503664,5504315,5505405,5506999,5508112,5509351,5511157,5513059,5515230,5516967,5518112,5518759,5517897,5518063,5518266,5518581,5518702,5520061,5522078,5523960,5527126,5530016,5531617,5533499,5533611,5534350,5535426,5539135,5541655,5544729,5548019,5552201,5559826,5566327,5570609,5572816,5573310
MK01 Uusimaa,1220297,1221205,1222137,1222843,1224013,1224501,1225281,1226404,1227967,1229220,1230233,1232236,1233224,1234345,1235409,1236613,1237894,1239054,1240335,1241780,1243356,1244685,1245857,1248072,1248747,1249528,1250527,1251669,1252534,1253591,1254752,1256427,1257956,1259165,1260205,1261807,1262680,1263695,1264800,1265920,1267174,1268379,1269877,1272127,1274243,1275546,1276651,1277609,1278499,1279553,1280819,1281952,1283193,1284288,1285417,1287609,1289496,1290859,1292036,1293573,1294630,1295723,1296946,1297991,1299152,1300545,1302229,1304843,1307242,1308437,1309370,1310680,1311793,1312649,1313697,1314864,1316315,1317548,1319056,1321412,1323645,1324927,1326162,1327243,1328236,1329148,1330179,1331548,1332809,1334314,1335866,1338276,1340705,1342059,1343276,1344989,1346134,1346918,1347964,1349174,1350783,1352366,1353850,1356205,1358462,1359810,1361015,1362634,1363741,1364455,1365568,1366955,1368668,1370296,1371710,1374142,1376176,1377566,1378656,1379712,1380599,1381494,1382481,1383818,1385562,1386675,1387312,1389191,1390950,1391981,1393171,1394199,1395490,1396583,1397687,1398895,1400553,1401857,1403049,1404414,1405860,1406903,1407792,1408525,1409506,1410215,1411056,1412291,1413558,1414655,1415624,1417098,1418718,1419240,1419740,1419938,1420697,1421466,1422296,1423143,1424164,1425051,1426149,1427006,1428368,1429189,1429721,1429869,1430576,1431227,1431714,1432630,1433799,1434247,1435166,1436490,1437524,1437996,1438749,1439400,1440310,1440980,1441968,1443079,1444647,1445650,1446546,1447813,1449447,1450530,1451283,1452083,1453452,1454596,1455903,1457140,1458849,1460295,1461426,1462776,1464486,1465547,1466491,1467453,1468660,1469606,1470857,1471880,1473669,1475287,1476513,1478121,1480056,1481410,1482586,1483719,1485246,1486568,1487684,1489286,1491486,1493181,1494633,1495383,1497644,1499218,1500290,1501511,1503064,1504282,1505635,1506891,1508574,1509973,1511399,1512747,1514741,1515860,1516754,1517542,1518484,1519524,1520850,1521912,1523664,1525034,1526200,1527541,1529220,1530342,1531355,1532309,1533652,1534873,1536103,1537506,1539471,1540736,1542285,1543675,1545466,1546739,1548062,1549058,1550225,1551318,1552656,1554221,1556201,1557736,1559312,1560771,1562499,1563951,1565405,1566835,1568201,1569544,1570922,1572411,1574838,1576662,1578651,1579638,1581183,1582468,1583960,1585473,1586978,1588325,1589807,1591624,1593608,1595958,1597762,1598644,1600151,1601254,1602335,1603388,1604671,1605709,1607101,1608474,1610424,1612601,1614543,1615456,1616747,1617673,1618937,1620261,1621222,1622356,1623764,1625606,1627842,1630132,1631911,1633019,1634421,1635106,1636673,1638293,1639422,1640606,1642126,1643904,1646782,1649010,1651108,1651791,1652719,1653939,1655133,1655624,1656859,1658137,1659471,1661161,1662211,1664233,1665940,1666760,1666887,1668384,1669963,1671024,1672094,1673251,1674565,1676134,1678504,1680882,1682836,1683513,1684764,1686252,1687928,1689725,1691162,1692757,1693566,1694182,1695434,1696632,1698443,1698918,1699759,1701134,1701830,1702678,1703244,1704081,1705404,1706630,1708237,1709574,1710972,1710880,1711757,1712775,1713760,1714741,1715388,1716351,1717751,1719451,1721919,1723739,1725504,1725994,1727770,1729592,1731376,1733033,1734301,1735954,1738712,1741527,1744989,1747515,1750185,1752021,1754262,1756417,1758075,1759537
MK02 Southwest Finland,423618,423742,423928,424024,424056,424237,424369,424583,424888,425004,425149,425282,425280,425361,425508,425732,425864,426058,426261,426479,426696,426841,426986,427158,427114,427230,427460,427590,427772,427932,428130,428260,428485,428582,428638,428864,428896,429011,429145,429301,429495,429700,429859,429954,430089,430255,430346,430409,430336,430325,430547,430713,430905,431155,431452,431715,432000,432181,432428,432603,432745,432905,433031,433215,433429,433550,433868,434175,434565,434816,434905,435119,435154,435258,435382,435567,435791,436089,436287,436627,436993,437163,437310,437491,437655,437766,437873,438083,438280,438630,438965,439159,439612,439743,439798,439973,440052,440151,440331,440470,440682,441148,441489,442013,442424,442597,442788,443050,443011,443112,443330,443549,443697,443967,444330,444604,445050,445212,445404,445542,445502,445465,445584,445652,445898,446136,446288,446694,446972,447160,447061,447103,447204,447170,447388,447627,447683,447952,448192,448582,448972,449178,449226,449293,449340,449445,449454,449502,449611,449848,450171,450469,450821,450897,450936,450968,451016,451112,451153,451216,451258,451493,451608,451959,452148,452358,452464,452444,452397,452474,452474,452594,452638,452794,453000,453293,453535,453576,453650,453745,453729,453816,453894,454110,454170,454352,454561,454925,455201,455369,455435,455584,455619,455650,455827,455972,456162,456531,456750,457237,457439,457616,457714,457789,457842,457883,457885,458033,458143,458272,458561,458946,459071,459191,459238,459235,459379,459421,459614,459762,459905,460142,460304,460661,460882,460991,461079,461177,461179,461247,461303,461508,461514,461814,461983,462363,462510,462691,462792,462914,463067,463236,463413,463546,463631,463863,464069,464519,464898,465085,465206,465183,465185,465289,465456,465540,465608,465795,466013,466400,466801,467031,467186,467217,467201,467369,467332,467322,467351,467517,467798,468515,468716,468816,468877,468936,468941,469108,469195,469348,469392,469541,469710,470362,470565,470851,470932,470880,470920,470976,471041,471017,471100,471258,471474,472111,472375,472585,472741,472725,472680,472782,472825,472851,472805,473021,473351,473721,474145,474203,474282,474323,474102,474154,474192,474217,474135,474282,474588,475120,475434,475516,475588,475543,475489,475540,475621,475739,475916,476173,476494,477079,477414,477644,477690,477677,477737,477621,477503,477555,477490,477591,477787,478361,478434,478609,478668,478582,478505,478481,478492,478493,478465,478638,478805,479404,479472,479392,479438,479341,479265,479245,479394,479529,479523,479660,480047,480637,480872,481200,481371,481403,481516,481661,481801,481956,481970,482256,482620,483219,483517,483643,483690,483477,483545,483599,483564,483537,483551,483827,484082,484994,485323,485524,485598,485567,485645,485713,486138,486392,486694,487023,487645,489036,489852,490272,490579,490786
MK04 Satakunta,240905,240935,240919,240919,240922,240948,241000,240984,240871,240868,240886,240777,240837,240856,240848,240882,240920,240871,240914,240965,240938,240927,240926,240767,240727,240734,240724,240798,240790,240761,240831,240774,240720,240765,240800,240744,240722,240655,240659,240652,240774,240823,240853,240810,240758,240731,240694,240519,240479,240483,240483,240547,240607,240553,240508,240461,240242,240160,240073,240028,239948,239918,239925,239940,239921,239930,239889,239678,239487,239408,239360,239255,239131,239031,238943,238862,238847,238749,238683,238497,238332,238209,238094,238057,237915,237811,237790,237688,237688,237627,237622,237421,237117,237063,236923,236818,236716,236589,236479,236376,236340,236295,236270,235995,235835,235789,235733,235662,235483,235341,235246,235189,235127,235031,234859,234662,234420,234304,234287,234233,234029,233960,233869,233767,233682,233553,233328,233177,232969,232814,232681,232569,232426,232324,232221,232123,231963,231871,231881,231838,231537,231406,231326,231307,231230,231141,231030,230930,230934,230838,230835,230748,230627,230551,230566,230480,230376,230362,230381,230269,230220,230250,230293,230237,230063,230030,229974,229910,229788,229723,229720,229713,229731,229818,229790,229672,229521,229445,229417,229389,229313,229270,229232,229150,229097,229068,229062,229006,228899,228867,228783,228675,228590,228558,228473,228418,228340,228351,228433,228289,228210,228134,228090,228051,227958,227832,227756,227691,227701,227616,227567,227385,227213,227176,227107,227131,227046,227010,226958,226886,226830,226751,226671,226602,226514,226494,226457,226358,226292,226216,226219,226159,226198,226266,226325,226272,226151,226139,226144,226116,226094,226032,226028,225991,226008,226021,226100,226003,225827,225808,225782,225762,225675,225653,225606,225519,225492,225570,225560,225506,225421,225373,225332,225302,225265,225130,225062,225035,225043,225113,225223,225146,225054,225085,225042,224934,224873,224892,224828,224787,224877,224898,224824,224677,224613,224646,224630,224556,224534,224509,224459,224405,224327,224341,224318,224198,224092,224100,224093,223983,223861,223839,223772,223783,223711,223667,223614,223355,223229,223135,223087,222957,222801,222650,222582,222549,222633,222581,222505,222208,222030,221967,221906,221740,221532,221436,221373,221309,221261,221297,221277,220997,220776,220748,220649,220398,220310,220258,220019,219904,219858,219775,219711,219307,219005,218840,218737,218624,218403,218289,218176,218088,218088,217978,217791,217476,217267,217084,216928,216752,216587,216480,216408,216367,216297,216185,216110,215807,215621,215532,215524,215416,215342,215325,215261,215226,215256,215253,215081,214797,214694,214630,214468,214281,214171,214023,213912,213706,213663,213583,213435,213276,213151,213026,212852,212556,212392,212296,212219,212116,212131,211950,211863,211903,211955,212008,211851,211740
MK05 Kanta-H채me,161202,161254,161393,161459,161587,161677,161787,161859,161960,162064,162120,162248,162334,162374,162509,162583,162679,162775,162951,163123,163248,163248,163322,163442,163510,163638,163710,163786,163800,163892,164054,164168,164278,164312,164343,164363,164346,164416,164469,164512,164608,164723,164750,164807,164736,164776,164779,164767,164708,164780,164760,164785,164853,164937,164946,165037,164952,164980,165062,164957,164967,164929,164931,164903,164945,165010,165047,165055,164944,164965,164942,164937,164900,164921,164890,164926,164910,165006,165037,164989,164966,164949,164928,164892,164932,164916,164918,164961,164987,165001,164908,165069,165004,165034,165070,165026,165052,165050,165017,164939,164947,164900,164847,164953,164909,164912,164884,164914,164930,164851,164861,164839,164896,165061,165051,165158,165129,165092,165063,165190,165262,165209,165248,165283,165281,165318,165405,165392,165352,165371,165391,165307,165358,165361,165328,165346,165399,165426,165422,165398,165441,165462,165507,165509,165551,165593,165556,165591,165711,165735,165789,165804,165803,165816,165875,165886,165932,165949,165970,166067,166139,166264,166384,166495,166499,166559,166584,166648,166608,166602,166727,166834,167029,167282,167361,167370,167448,167528,167568,167630,167683,167684,167687,167799,167840,167920,168014,168192,168180,168258,168305,168381,168455,168592,168721,168815,168927,169105,169344,169345,169553,169712,169803,169952,170005,170078,170183,170333,170428,170706,170884,170894,171147,171225,171316,171449,171576,171629,171797,171912,172041,172184,172420,172629,172782,172879,172984,173041,173115,173110,173178,173229,173353,173428,173555,173678,173639,173758,173805,173828,173820,173888,173912,173982,174152,174167,174290,174296,174327,174436,174474,174555,174595,174562,174622,174684,174849,174816,174978,175033,175081,175167,175203,175230,175241,175226,175236,175195,175303,175468,175460,175376,175399,175412,175443,175472,175461,175505,175488,175445,175512,175650,175681,175413,175397,175462,175485,175481,175454,175469,175480,175466,175563,175624,175645,175448,175501,175464,175436,175350,175253,175254,175162,175183,175147,175273,175312,175025,174915,174825,174836,174710,174620,174583,174550,174506,174469,174444,174411,174045,173871,173896,173822,173781,173634,173550,173493,173440,173418,173476,173378,173044,172948,172918,172868,172720,172666,172598,172477,172383,172301,172173,172064,171961,171690,171643,171550,171364,171294,171196,171137,171175,171213,171244,171243,171169,171004,170994,171026,170925,170923,170824,170914,170834,170847,170828,170795,170691,170597,170557,170653,170577,170600,170566,170622,170648,170624,170680,170619,170424,170371,170263,170246,170213,170210,170160,170076,169972,169973,170014,169950,169799,169733,169637,169639,169537,169482,169401,169351,169292,169252,169286,169376,169492,169525,169730,169738,169547
MK06 Pirkanmaa,428770,428828,428975,429151,429350,429532,429762,429930,430254,430466,430614,430651,430730,430764,430885,430918,431187,431469,431726,432066,432243,432355,432459,432391,432378,432414,432569,432771,432942,433183,433431,433589,433803,434013,434212,434066,434246,434402,434459,434700,434861,435093,435240,435565,435671,435778,435897,435789,435737,435903,436061,436222,436315,436543,436734,437183,437582,437743,437864,438114,438158,438460,438667,438875,439058,439316,439575,439954,440167,440306,440498,440734,440782,440932,441084,441248,441397,441671,442076,442421,442476,442594,442662,443065,443147,443340,443555,443677,443951,444221,444531,444872,445235,445239,445339,445536,445687,445751,445861,446009,446184,446569,447009,447394,447628,447775,447835,448045,448153,448160,448219,448413,448561,448883,449241,449688,450040,450274,450410,450548,450665,450844,450975,451131,451322,451592,452009,452354,452653,452892,453087,453319,453503,453710,453845,454112,454462,454839,455251,455966,456228,456639,456720,456934,456904,457054,457204,457414,457597,458030,458454,458996,459444,459656,459805,460103,460099,460179,460353,460499,460732,461030,461465,462278,462739,463046,463235,463330,463426,463606,463881,464119,464382,464843,465272,466176,466533,466908,467307,467424,467634,467781,467959,468273,468521,468945,469453,470272,470647,470920,471180,471409,471654,471944,472098,472321,472575,472923,473406,474254,474633,475136,475454,476221,476555,476810,476945,477206,477497,477926,478370,479203,479744,480137,480426,480634,480879,481113,481279,481601,481827,482135,482565,483517,483843,484223,484429,484638,484862,484899,484973,485250,485452,485858,486304,487308,487738,487946,488204,488295,488486,488674,488946,489183,489309,489631,489967,490867,491068,491308,491536,491746,491889,492128,492300,492480,492677,492988,493445,494343,494782,495014,495177,495242,495505,495712,495899,496145,496410,496664,497255,498168,498378,498743,498894,499006,499169,499351,499559,499859,500051,500233,500823,501678,502046,502248,502435,502575,502681,502825,502975,503109,503288,503363,503905,504727,504914,505267,505572,505756,505884,505886,506129,506272,506358,506618,507059,507877,508054,508317,508428,508448,508461,508595,508655,508976,509004,509323,509869,510940,511349,511522,511577,511642,511667,511768,511946,512083,512182,512243,512773,513787,513954,514146,514209,514333,514465,514563,514606,514769,514895,515271,515655,516791,517006,517194,517284,517333,517535,517646,517727,517807,517862,517962,518391,519397,519748,519916,519925,519872,520103,520227,520417,520508,520517,520723,521292,522158,522408,522752,522830,522852,523131,523406,523679,523931,524109,524498,525212,526208,526681,527089,527359,527478,527716,527958,528134,528246,528536,528962,529547,530848,531427,531911,532346,532671,533003,533303,533820,534196,534608,535314,535992,537600,538656,539047,539196,539309
MK07 P채ij채t-H채me,204169,204210,204233,204373,204481,204618,204686,204898,204955,204938,204914,204901,204915,205020,205097,205182,205233,205269,205304,205461,205526,205653,205668,205613,205619,205617,205713,205745,205812,205874,205985,206028,205998,206032,206099,206107,206180,206154,206191,206222,206300,206425,206440,206393,206351,206317,206271,206233,206167,206148,206254,206366,206402,206466,206410,206283,206219,206163,206171,206171,206135,206130,206143,206177,206219,206270,206217,206209,206044,205998,205989,205973,205813,205779,205730,205754,205741,205681,205675,205560,205470,205338,205375,205394,205321,205345,205324,205381,205424,205523,205547,205582,205416,205416,205366,205338,205231,205169,205159,205141,205119,205148,205211,205154,205053,205052,205007,205030,205008,204969,204941,204919,204911,204889,204891,204889,204837,204811,204810,204858,204814,204809,204854,204830,204979,204957,205043,205182,204969,205026,205036,204912,204911,204954,205104,205111,205150,205181,205236,205120,205032,205118,205148,205071,205072,205004,205121,205116,205171,205253,205369,205360,205303,205392,205436,205464,205438,205420,205465,205520,205614,205709,205824,205678,205614,205694,205755,205755,205726,205754,205773,205847,205873,205988,206111,206037,205968,206025,206047,206021,205990,206052,206052,206117,206234,206337,206361,206336,206257,206275,206314,206240,206223,206218,206277,206326,206412,206507,206596,206483,206479,206499,206475,206481,206494,206485,206536,206609,206784,206945,207039,207032,207053,207080,207127,207269,207279,207376,207402,207513,207626,207733,207912,207939,207856,207857,207921,207940,207945,207912,208007,208054,208157,208210,208399,208347,208275,208304,208281,208331,208312,208402,208379,208482,208592,208622,208758,208780,208725,208743,208734,208777,208808,208778,208795,208867,208982,209042,209127,209188,209154,209159,209204,209238,209189,209174,209194,209224,209363,209445,209586,209580,209498,209532,209526,209503,209472,209495,209503,209571,209593,209661,209738,209608,209524,209456,209465,209405,209331,209281,209296,209327,209331,209461,209446,209266,209132,209064,209044,208959,208964,208918,208840,208847,208863,208845,208781,208584,208487,208457,208486,208525,208406,208421,208435,208522,208621,208641,208692,208592,208481,208519,208578,208574,208573,208537,208457,208392,208447,208437,208460,208245,208105,208206,208206,208048,208077,208033,207931,207899,207870,207918,207953,207729,207533,207429,207430,207394,207427,207299,207157,207177,207140,207121,207159,206854,206609,206543,206427,206315,206317,206225,206205,206139,206136,206143,206132,205854,205775,205794,205821,205771,205829,205738,205783,205821,205834,205901,205843,205617,205468,205369,205267,205124,204985,204876,204792,204793,204800,204850,204865,204643,204637,204552,204579,204528,204487,204418,204487,204507,204532,204658,204785,204691,204652,204661,204624,204479
MK08 Kymenlaakso,186272,186217,186263,186292,186230,186281,186207,186282,186262,186263,186164,186030,185990,185962,186009,186058,186103,186148,186162,186271,186272,186309,186335,186322,186389,186379,186416,186473,186484,186492,186523,186515,186485,186486,186395,186382,186399,186413,186419,186453,186395,186363,186323,186292,186200,186124,186070,186054,186016,185968,185973,185970,185968,185859,185863,185740,185626,185568,185498,185462,185367,185323,185310,185269,185231,185224,185181,185009,184863,184764,184684,184595,184510,184429,184354,184361,184366,184320,184281,184131,183948,183960,183899,183819,183722,183674,183634,183601,183470,183405,183373,183273,183108,183023,182951,182942,182873,182821,182761,182709,182615,182647,182772,182612,182423,182350,182276,182215,182088,181954,181829,181721,181670,181634,181633,181509,181315,181213,181150,181122,180988,180900,180853,180761,180721,180643,180600,180292,180246,180142,180080,179940,179834,179751,179708,179643,179644,179625,179650,179515,179355,179303,179277,179292,179228,179170,179119,179078,179163,179152,179133,179069,178926,178845,178837,178735,178601,178594,178659,178637,178664,178618,178608,178606,178472,178463,178401,178341,178336,178300,178413,178484,178478,178498,178582,178442,178328,178249,178234,178205,178186,178158,178066,178112,178131,178114,178190,178068,177922,177896,177948,177931,177812,177752,177761,177648,177608,177523,177539,177306,177180,177109,177074,176995,176988,176956,176894,176855,176835,176838,176864,176680,176471,176406,176389,176356,176311,176294,176252,176255,176263,176257,176304,176042,175817,175752,175736,175661,175651,175676,175671,175671,175652,175721,175751,175602,175444,175429,175384,175556,175532,175508,175479,175475,175570,175690,175775,175596,175437,175403,175426,175377,175354,175306,175220,175151,175200,175248,175183,174953,174879,174820,174849,174827,174785,174730,174684,174767,174799,174817,174862,174601,174377,174385,174442,174466,174484,174442,174381,174325,174315,174353,174368,174204,174056,173940,173915,173864,173792,173755,173722,173660,173677,173751,173717,173402,173253,173140,173093,172908,172835,172770,172673,172570,172566,172565,172496,172254,172054,171992,171922,171778,171722,171667,171645,171622,171617,171576,171581,171200,171031,170980,170933,170770,170538,170410,170319,170156,170049,169912,169813,169405,169174,168992,168885,168691,168503,168337,168214,168077,168036,167888,167797,167400,167047,166931,166838,166623,166488,166322,166199,166103,165991,165848,165629,165213,164902,164773,164606,164456,164349,164242,164141,164090,163986,163824,163719,163339,163153,162998,162899,162812,162778,162668,162665,162555,162516,162511,162389,162033,161818,161700,161565,161391,161235,161064,160910,160745,160620,160472,160338,160054,159915,159684,159603,159488,159392,159263,159211,159125,159132,159075,159070,158966,158926,158942,158830,158658
MK09 South Karelia,140181,140162,140168,140194,140210,140205,140202,140172,140141,140154,140214,140244,140210,140226,140195,140200,140205,140226,140278,140249,140210,140209,140170,140150,140083,140070,140126,140130,140144,140121,140114,140096,140033,139955,139985,139907,139839,139835,139871,139856,139940,139926,139913,139896,139736,139673,139575,139569,139497,139478,139476,139466,139500,139567,139586,139531,139419,139335,139266,139297,139222,139219,139167,139161,139083,139117,139028,138940,138771,138736,138708,138678,138591,138539,138514,138486,138502,138491,138427,138442,138286,138277,138207,138163,138122,138100,138032,138005,138010,138033,138100,138166,138035,137947,137928,137944,137860,137803,137722,137632,137561,137517,137477,137426,137404,137334,137275,137238,137139,137063,136974,136909,136811,136824,136756,136766,136622,136539,136467,136525,136459,136425,136374,136359,136307,136284,136273,136347,136314,136310,136317,136299,136270,136299,136265,136255,136112,136066,136055,136228,136195,136145,136104,136161,136160,136126,136107,136065,135932,135895,135937,136022,135959,135919,135870,135840,135739,135695,135615,135599,135511,135502,135539,135577,135560,135484,135446,135458,135385,135326,135285,135238,135101,135125,135133,135096,135047,134993,134973,134962,134949,134865,134842,134811,134785,134814,134838,134921,134857,134841,134806,134786,134732,134698,134634,134566,134489,134493,134508,134559,134540,134511,134495,134441,134347,134276,134230,134151,134001,133938,133999,134047,133996,133980,133924,133899,133946,133965,133923,133873,133785,133808,133778,133835,133804,133776,133708,133647,133605,133580,133519,133453,133321,133334,133344,133336,133302,133270,133247,133210,133178,133173,133085,133038,132859,132944,132871,132938,132958,132973,132952,132899,132888,132847,132757,132685,132584,132597,132563,132627,132525,132518,132543,132527,132456,132413,132445,132404,132336,132294,132303,132433,132407,132375,132360,132355,132258,132205,132190,132139,132075,132050,132160,132313,132351,132397,132353,132252,132194,132147,132141,132095,131918,131879,131831,131813,131923,131905,131879,131764,131666,131617,131570,131475,131325,131234,131241,131283,131332,131277,131239,131155,131099,131031,130926,130828,130621,130508,130444,130546,130545,130613,130589,130506,130460,130387,130363,130260,130052,130028,130016,130101,130163,130111,130050,129865,129746,129669,129578,129437,129260,129173,129063,129170,129193,129032,128869,128756,128681,128580,128497,128321,128061,127897,127878,128076,128133,128023,127896,127757,127699,127538,127456,127335,127199,127088,127023,127211,127223,127131,127028,126921,126879,126817,126684,126578,126368,126271,126220,126367,126474,126439,126331,126107,125975,125899,125819,125654,125428,125381,125297,125489,125508,125471,125450,125353,125279,125213,125191,125048,124892,124805,124757,125238,125402,125435,125316,125162
MK10 South Savo,163480,163507,163495,163463,163461,163512,163650,163719,163635,163576,163548,163462,163542,163531,163551,163511,163526,163453,163446,163463,163346,163435,163426,163426,163414,163316,163354,163372,163426,163410,163453,163443,163498,163564,163438,163503,163432,163437,163396,163367,163399,163492,163521,163412,163368,163309,163257,163130,163039,162998,162994,163044,163052,163051,163053,163064,162963,162876,162801,162691,162687,162584,162499,162495,162457,162354,162271,162169,162159,162121,162060,162033,161876,161809,161766,161729,161666,161638,161590,161492,161401,161320,161213,161128,160997,160848,160719,160671,160604,160562,160558,160441,160300,160204,160169,160077,160098,159912,159778,159682,159551,159444,159301,159256,159138,159041,158936,158725,158572,158439,158294,158168,158092,157966,157933,157892,157728,157599,157456,157334,157093,156953,156821,156836,156703,156602,156579,156599,156451,156323,156207,156117,155982,155909,155826,155716,155518,155520,155416,155415,155268,155098,155065,154978,154891,154772,154643,154537,154460,154387,154331,154165,154107,154033,153941,153864,153833,153749,153699,153570,153455,153412,153448,153403,153299,153179,153151,152965,152943,152922,152921,152880,152740,152757,152732,152574,152379,152317,152240,152171,152128,152027,151979,151977,151833,151724,151701,151728,151622,151575,151476,151395,151342,151264,151212,151106,151032,150993,150884,150854,150662,150536,150491,150471,150299,150146,150018,149873,149794,149697,149655,149613,149453,149335,149235,149032,148910,148842,148694,148679,148609,148563,148494,148373,148211,148078,148010,147892,147801,147730,147638,147637,147610,147599,147517,147325,147179,147133,147101,146979,146874,146841,146784,146717,146760,146792,146758,146589,146474,146423,146324,146166,146202,146074,146019,146007,145895,145933,145921,145772,145636,145546,145479,145353,145347,145272,145136,144999,144963,145032,144921,144816,144783,144657,144530,144393,144356,144302,144191,144126,144019,143986,143880,143930,143890,143801,143764,143638,143597,143480,143356,143285,143168,143199,143109,143142,143110,142983,142901,142746,142788,142759,142644,142575,142447,142265,142165,142090,142044,141876,141806,141621,141576,141411,141297,141153,141029,140959,140841,140843,140717,140621,140537,140422,140342,140224,140109,139942,139748,139647,139591,139496,139345,139151,138960,138822,138695,138481,138268,138078,137814,137680,137470,137156,136917,136812,136651,136474,136311,136211,136027,135843,135761,135658,135505,135150,134882,134744,134601,134314,134272,134215,134120,134013,133930,133865,133661,133366,133193,133002,132873,132702,132683,132615,132567,132456,132414,132406,132280,132093,131925,131903,131813,131688,131683,131535,131419,131316,131271,131301,131170,130999,130866,130767,130665,130451,130444,130329,130359,130258,130215,130159,130131,130031,130024,130084,130023,129914
MK11 North Savo,264684,264681,264698,264769,264787,264953,265076,265101,265104,265072,265071,265040,265053,265067,265111,265204,265284,265406,265560,265721,265728,265809,265915,266039,266033,266043,266184,266260,266281,266432,266545,266659,266689,266696,266786,266853,266878,266955,267002,267022,266983,267080,267193,267104,266999,266922,266959,266956,266959,267012,267018,267086,267015,267085,267167,267144,266976,266939,266896,266870,266897,266856,266878,266859,266876,266806,266793,266618,266369,266336,266331,266308,266255,266187,266171,266252,266269,266170,266167,266152,265921,265877,265738,265644,265584,265545,265521,265551,265485,265347,265358,265167,264932,264789,264672,264578,264434,264333,264134,264085,264027,263936,263860,263592,263296,263155,262989,262946,262809,262736,262644,262602,262429,262404,262348,262020,261798,261699,261553,261393,261171,261075,260909,260755,260624,260477,260402,260152,259902,259799,259690,259639,259508,259435,259277,259241,259238,259138,259113,259077,258775,258710,258662,258664,258477,258355,258235,258086,258034,258009,258050,258172,257859,257806,257698,257728,257531,257452,257326,257302,257278,257311,257319,257430,257275,257264,257130,257079,256950,256918,256920,256949,256890,256816,256891,256884,256833,256831,256756,256740,256636,256505,256358,256289,256206,256077,256056,256030,255921,255756,255737,255683,255619,255538,255423,255351,255353,255329,255264,255305,255199,255148,255063,255094,255017,254884,254753,254757,254717,254734,254650,254690,254485,254393,254374,254367,254253,254175,254131,253987,253838,253853,253902,254030,254049,253923,253949,253899,253821,253817,253772,253680,253590,253544,253602,253709,253700,253697,253682,253605,253621,253526,253471,253344,253269,253300,253357,253404,253324,253370,253373,253337,253201,253134,253165,253085,253004,253103,253279,253533,253584,253485,253487,253472,253476,253390,253327,253249,253124,253049,253129,253344,253468,253500,253594,253524,253491,253351,253227,253166,253181,253194,253306,253445,253585,253632,253697,253643,253592,253522,253529,253453,253374,253237,253407,253619,253830,253786,253740,253585,253492,253368,253180,253089,252958,252969,253011,253205,253350,253280,253265,253239,253142,253083,253011,252950,252748,252655,252731,252916,253144,253032,252898,252815,252680,252560,252386,252266,252047,251969,251836,251938,252040,251971,251865,251570,251423,251346,251175,251002,250834,250737,250746,250714,250744,250728,250602,250414,250201,250103,249929,249794,249595,249450,249247,249373,249421,249339,249251,249003,248964,248850,248696,248559,248402,248331,248315,248355,248395,248421,248404,248265,248211,248163,248135,248109,248120,248157,248167,248536,248656,248686,248545,248363,248274,248205,248110,247947,247888,247832,247758,247889,247973,247939,247866,247689,247597,247494,247389,247297,247114,247119,247348,247745,248171,248258,248283,248190
MK12 North Karelia,181966,181910,181973,181990,181950,182022,182056,182090,182196,182153,182159,182200,182211,182177,182149,182152,182209,182299,182286,182318,182413,182600,182651,182707,182724,182723,182818,182920,182955,183029,183051,182970,182993,183013,183045,183151,183232,183338,183342,183372,183448,183512,183529,183424,183408,183341,183286,183293,183223,183222,183249,183304,183269,183249,183178,183040,183004,183001,182997,183038,182985,182995,182965,182985,182948,182887,182868,182734,182593,182535,182449,182336,182201,182064,182001,181976,181930,181843,181760,181468,181406,181333,181271,181160,181085,181058,181039,180909,180776,180632,180565,180292,180180,180155,180076,179977,179798,179693,179531,179452,179314,179176,179074,178762,178577,178491,178468,178441,178259,178140,178111,178063,178064,177947,177796,177533,177413,177314,177272,177238,177093,176992,177011,176959,176920,176888,176827,176585,176461,176380,176316,176187,176112,175978,175960,175919,175812,175679,175565,175495,175496,175457,175383,175322,175214,175144,175103,174958,174849,174758,174549,174415,174454,174372,174336,174236,174198,174163,174104,174037,173977,173933,173824,173679,173620,173585,173580,173580,173520,173503,173433,173370,173411,173278,173232,173035,173103,173076,173062,173018,173001,173004,172890,172859,172792,172726,172695,172529,172689,172649,172669,172633,172623,172554,172477,172399,172320,172259,172192,172027,172001,171937,171878,171758,171683,171597,171464,171362,171219,171102,171055,170991,170912,170916,170966,170896,170811,170743,170652,170600,170495,170434,170399,170228,170331,170297,170247,170194,170091,170112,169998,170007,169962,169855,169844,169852,169986,169981,169951,169937,169907,169840,169816,169859,169740,169702,169727,169701,169823,169809,169809,169778,169705,169697,169707,169666,169674,169648,169577,169604,169671,169696,169742,169733,169681,169601,169597,169516,169496,169476,169419,169425,169556,169536,169551,169496,169489,169489,169417,169369,169182,169086,169036,169158,169254,169252,169207,169112,169032,168953,168880,168824,168755,168640,168653,168784,168969,168965,168991,168896,168792,168814,168722,168646,168527,168499,168385,168427,168553,168549,168493,168329,168294,168232,168141,168065,167976,167860,167743,167749,167852,167823,167766,167599,167454,167373,167227,167101,166894,166710,166554,166635,166659,166614,166610,166441,166381,166266,166134,165980,165832,165688,165565,165726,165916,165836,165773,165569,165434,165297,165217,165146,164991,164800,164551,164627,164897,164817,164676,164465,164328,164169,164063,163968,163814,163657,163421,163569,163718,163644,163604,163537,163479,163416,163342,163330,163169,162979,162921,163368,163574,163554,163487,163281,163195,163092,163018,162856,162645,162560,162378,162684,162898,162786,162730,162540,162485,162415,162339,162249,162062,161983,161829,162008,162492,162477,162412,162321
MK13 Central Finland,252959,253007,253128,253274,253451,253621,253790,254024,254185,254316,254362,254539,254540,254693,254847,255011,255096,255353,255513,255692,255950,256081,256147,256480,256525,256639,256799,256864,256912,256991,257063,257093,257278,257431,257496,257719,257713,257850,257900,257990,258133,258261,258450,258440,258469,258454,258514,258485,258466,258456,258516,258604,258692,258877,258950,259036,259253,259326,259353,259392,259407,259461,259509,259519,259570,259629,259642,259608,259711,259741,259762,259778,259722,259802,259945,260024,260053,260131,260172,260261,260428,260608,260718,260835,260922,260860,260882,260929,260938,261054,261151,261252,261362,261433,261499,261559,261604,261568,261590,261576,261497,261595,261678,261784,261891,261818,261771,261754,261862,261866,261853,261932,261968,261913,261957,261864,262009,262034,262043,262106,262106,262167,262194,262132,262054,262094,262162,262201,262522,262588,262722,262710,262868,262867,262863,262906,262885,263030,263039,263064,263631,263571,263611,263574,263578,263580,263644,263639,263577,263657,263649,263587,263844,263861,263891,263889,263878,263984,264108,264187,264179,264261,264340,264482,264817,264862,264928,264936,265065,265066,265239,265218,265209,265314,265428,265520,265872,265953,265984,266047,265994,266004,266059,266100,266070,266229,266286,266402,266717,266909,266859,266770,266764,266823,266835,266887,266853,266869,266922,267167,267448,267456,267507,266905,266960,267022,267091,267078,267082,267031,267101,267243,267695,267786,267878,267998,268057,268014,268111,268068,267865,267931,268029,268527,268844,269017,269099,269108,269150,269114,269133,269156,269100,269263,269413,269638,270043,270103,270207,270195,270164,270206,270131,270212,270113,270148,270158,270660,271125,271132,271151,271083,271146,271290,271267,271204,271054,271074,271104,271442,271788,271831,271854,271874,271907,271852,271910,271908,271771,271811,271839,272255,272711,272760,272817,272723,272747,272684,272670,272606,272377,272353,272341,272591,273057,273152,273099,272911,273007,272961,272927,272855,272538,272449,272332,272734,273054,273068,273006,272986,272990,272914,272807,272804,272598,272443,272474,273145,273546,273567,273567,273446,273387,273240,273156,273022,272827,272674,272750,273366,273930,274014,274004,273910,273824,273707,273681,273668,273428,273136,273156,273725,273911,273889,273910,273779,273734,273579,273464,273365,273077,273017,272955,273367,273590,273523,273472,273283,273165,273079,272972,272859,272574,272443,272538,273024,273235,273125,273027,272898,272832,272706,272685,272543,272407,272330,272382,272859,272894,272862,272819,272617,272463,272460,272398,272320,272237,272092,272148,272681,272803,272816,272796,272683,272597,272629,272458,272326,272045,272042,272068,272665,272667,272622,272625,272437,272328,272247,272179,272106,271980,271942,272006,272815,273194,273389,273419,273271
MK14 South Ostrobothnia,206391,206396,206452,206513,206628,206729,206913,206953,206941,206931,206992,207010,206966,207040,207097,207163,207228,207257,207269,207319,207312,207353,207343,207348,207333,207329,207361,207442,207591,207636,207734,207791,207773,207771,207736,207742,207749,207810,207850,207908,207966,207986,208066,208054,207971,207940,207903,207862,207885,207860,207908,207934,208011,207943,207890,207673,207464,207428,207452,207514,207361,207276,207263,207183,207152,207098,207038,206795,206454,206337,206266,206136,205990,205922,205895,205888,205928,205860,205786,205550,205271,205204,205148,205108,205007,204984,204886,204842,204850,204740,204631,204398,204228,204172,204030,203907,203796,203781,203653,203658,203622,203616,203546,203371,203162,203080,203062,202935,202757,202621,202552,202556,202506,202524,202544,202263,202177,202066,202011,202002,201823,201710,201642,201601,201469,201413,201395,201124,200939,200852,200844,200766,200754,200704,200619,200546,200484,200464,200409,200040,199777,199669,199663,199639,199520,199446,199472,199447,199503,199570,199631,199466,199259,199208,199179,199190,199078,199153,199195,199248,199338,199315,199324,199173,199017,199095,199069,199019,199005,199010,198944,198980,199097,199258,199270,199075,199079,199146,199105,199150,199143,199165,199117,199101,199160,199210,199255,199069,198953,198878,198883,198856,198795,198756,198752,198802,198814,198844,198933,198817,198649,198619,198617,198626,198614,198618,198573,198662,198782,198882,198924,198881,198757,198812,198852,198831,198845,198867,198863,198819,198829,198982,198981,198652,198556,198578,198553,198502,198426,198313,198290,198381,198480,198586,198604,198396,198425,198421,198440,198477,198431,198453,198516,198555,198558,198633,198726,198368,198376,198424,198485,198469,198512,198537,198624,198668,198798,198893,198906,198692,198688,198655,198700,198671,198680,198711,198698,198846,198952,198965,199033,198796,198780,198789,198882,198944,198944,198862,198914,198938,199066,199155,199183,198837,198840,198927,198912,198831,198810,198822,198791,198814,198869,198951,198910,198633,198492,198420,198427,198242,198166,198108,198113,198060,198078,198046,198014,197689,197547,197479,197456,197371,197349,197319,197256,197249,197265,197229,197240,196885,196787,196704,196667,196572,196483,196344,196278,196263,196315,196269,196284,195943,195849,195756,195725,195583,195533,195452,195392,195324,195400,195283,195168,194723,194529,194499,194434,194316,194223,194135,194057,194084,194088,194118,194039,193606,193440,193430,193339,193207,193144,193039,193000,192973,192984,192952,192859,192429,192277,192234,192180,192150,192137,192134,192137,192141,192162,192196,192174,191907,191933,191835,191865,191762,191691,191612,191564,191503,191494,191427,191458,191104,191082,190982,190903,190774,190670,190542,190508,190455,190539,190544,190464,190348,190390,190491,190630,190539
MK15 Ostrobothnia,166817,166840,166881,166916,166947,166949,166939,167055,167100,167118,167085,167108,167155,167260,167326,167407,167441,167405,167515,167594,167640,167693,167705,167807,167874,167920,167980,168049,168077,168084,168207,168303,168365,168366,168385,168379,168422,168504,168607,168604,168703,168723,168715,168752,168822,168754,168717,168698,168733,168786,168844,168908,168912,168920,168903,168827,168750,168759,168821,168833,168802,168801,168843,168907,168906,168948,168997,168977,168910,168881,168865,168888,168820,168850,168865,168944,169040,169127,169090,169065,168968,168970,168973,169019,169041,169001,169012,168990,169013,168998,169076,169092,169047,169014,168968,168964,169007,168972,169030,169052,169005,169088,169160,169039,169048,169025,168860,168867,168808,168810,168797,168829,168855,168810,168833,168682,168576,168491,168441,168326,168243,168225,168251,168282,168302,168290,168241,168169,168077,168080,168087,168077,167956,167936,167955,167945,167925,167888,167968,167999,168062,168070,168055,167986,167977,167982,167999,167907,167899,167870,167899,167919,167983,168076,168025,167921,167908,167869,167887,167920,167851,167899,167919,168002,167996,167986,168001,168046,168016,168011,168072,168070,168025,168075,168117,168294,168430,168377,168422,168361,168315,168287,168352,168324,168202,168236,168301,168324,168415,168534,168531,168583,168648,168733,168833,168850,168755,168851,168910,169023,169161,169166,169189,169170,169217,169235,169350,169429,169461,169472,169505,169644,169796,169902,169930,169971,170081,170089,170222,170298,170262,170357,170478,170698,170885,170963,171036,170994,171074,171177,171240,171277,171334,171404,171501,171761,171954,172030,172077,172085,172093,172126,172250,172283,172250,172301,172395,172602,172882,172922,172958,172981,173079,173131,173159,173172,173187,173302,173461,173780,174048,174087,174185,174170,174219,174286,174295,174272,174203,174225,174205,174412,174675,174722,174772,174777,174866,174919,174870,174864,174820,174883,175015,175266,175508,175539,175546,175530,175633,175660,175720,175628,175523,175506,175569,175982,176277,176321,176362,176314,176285,176262,176282,176230,176038,175976,176008,176503,176798,176908,176911,176894,176821,176788,176721,176666,176440,176413,176336,176606,176797,176771,176692,176729,176685,176681,176676,176576,176308,176196,176126,176352,176533,176553,176534,176272,176248,176185,176150,176066,175796,175795,175836,176205,176212,176202,176247,176193,176221,176160,176104,176002,175780,175701,175679,176026,176158,176100,176067,175923,175937,175878,175791,175723,175553,175504,175435,175878,175973,175931,175893,175816,175801,175835,175864,175771,175697,175650,175656,176099,176174,176174,176144,176041,176066,175967,175926,175826,175736,175680,175714,176184,176440,176487,176512,176323,176335,176336,176510,176534,176379,176462,176589,177105,177444,177636,177681,177602
MK16 Central Ostrobothnia,67993,68032,68096,68111,68124,68167,68187,68172,68174,68168,68177,68214,68238,68263,68312,68373,68402,68400,68419,68428,68410,68453,68504,68503,68547,68602,68617,68693,68737,68748,68751,68733,68738,68765,68809,68887,68917,68974,69037,69089,69101,69158,69194,69201,69245,69286,69314,69315,69335,69357,69413,69451,69490,69576,69582,69628,69581,69617,69627,69627,69645,69694,69691,69695,69714,69707,69660,69612,69581,69557,69578,69539,69523,69545,69542,69572,69568,69500,69473,69400,69346,69296,69291,69213,69180,69212,69222,69232,69275,69317,69300,69221,69158,69116,69076,69021,68987,68983,68951,68943,68993,68987,68980,68824,68761,68778,68785,68773,68743,68767,68741,68753,68733,68752,68718,68575,68456,68368,68357,68345,68303,68319,68319,68276,68292,68277,68286,68228,68127,68108,68068,68052,68046,68057,68038,68004,68017,67925,67911,67783,67702,67692,67695,67671,67679,67672,67666,67669,67655,67631,67644,67559,67457,67486,67486,67497,67503,67529,67517,67508,67531,67592,67599,67529,67460,67453,67467,67441,67425,67425,67446,67443,67484,67474,67474,67341,67286,67316,67338,67369,67395,67420,67472,67492,67542,67595,67626,67611,67535,67543,67579,67612,67572,67577,67590,67571,67626,67684,67715,67601,67580,67580,67602,67632,67643,67648,67650,67694,67776,67840,67917,67845,67825,67841,67886,67898,67896,67902,67935,67970,68005,68039,68045,67997,67993,68000,68018,67991,67974,68000,68080,68129,68140,68130,68144,68095,68057,68063,68125,68131,68171,68225,68227,68281,68332,68378,68400,68343,68299,68302,68342,68321,68303,68316,68340,68399,68438,68417,68470,68407,68419,68445,68464,68484,68500,68500,68516,68532,68591,68580,68640,68563,68554,68611,68620,68610,68650,68641,68627,68646,68676,68698,68707,68675,68624,68616,68634,68677,68718,68763,68799,68848,68893,68937,68938,68838,68830,68835,68826,68832,68838,68830,68839,68888,68950,68956,68971,68903,68916,68983,69021,69032,68993,68992,68991,68987,69049,69063,69118,69046,69045,69075,69077,69027,69070,69133,69176,69197,69139,69109,69098,68953,68956,68938,68924,68780,68772,68757,68706,68637,68632,68636,68616,68526,68537,68497,68471,68437,68457,68435,68439,68398,68389,68356,68391,68295,68242,68212,68200,68158,68156,68151,68150,68152,68171,68190,68108,67939,67918,67937,67954,67988,67969,68010,68076,68088,68124,68139,68106,67981,67941,67918,67984,67915,68013,68020,67977,67989,68044,68072,68045,67890,67830,67863,67859,67805,67759,67752,67755,67736,67728,67700,67718,67651,67677,67646,67699,67736
MK17 North Ostrobothnia,348455,348574,348769,349035,349238,349414,349616,349895,350012,350332,350487,350799,351010,351165,351483,351762,352075,352373,352702,353000,353278,353522,353771,354088,354280,354534,354813,355044,355377,355736,355992,356127,356347,356628,356811,357072,357358,357558,357829,358171,358508,358689,358910,358843,358967,359221,359391,359433,359569,359721,359916,360138,360488,360821,361066,360981,361108,361289,361542,361751,361931,362196,362431,362769,363085,363450,363742,363802,363884,363942,364166,364443,364515,364657,364897,365147,365322,365486,365745,365591,365638,365787,366004,366218,366326,366467,366642,366787,366876,367074,367227,367047,367022,367047,367116,367361,367455,367519,367630,367870,368024,368035,368073,367866,367800,367981,368120,368302,368353,368422,368597,368712,368942,368972,369345,369346,369325,369505,369569,369827,369974,370169,370350,370689,371063,371252,371506,371465,371761,371985,372264,372639,372908,373143,373338,373537,373806,374004,374185,374184,374398,374603,374799,375182,375227,375350,375525,375670,375927,376214,376393,376211,376237,376425,376615,377045,377096,377277,377524,377825,378160,378264,378379,378280,378270,378389,378587,378903,379127,379322,379726,379959,380316,380415,380793,380849,381046,381215,381531,381792,381993,382179,382438,382671,382947,383369,383629,383785,383933,384320,384610,384808,384948,385206,385455,385686,386002,386145,386396,386552,386658,386882,387060,387320,387546,387770,387991,388286,388555,388666,388966,389139,389133,389426,389681,390038,390218,390509,390767,391068,391345,391364,391778,391937,391965,392224,392446,392652,392823,393003,393252,393539,393869,393867,394191,394409,394603,394913,395195,395510,395668,395854,396181,396450,396750,396911,397183,397407,397510,397848,398121,398335,398426,398698,398911,399190,399338,399582,399800,400177,400390,400669,400991,401201,401269,401513,401741,401978,402174,402244,402580,402960,403109,403447,403756,403920,404134,404314,404572,404799,404856,404945,405300,405581,405796,406049,406231,406480,406567,406770,407087,407235,407164,407335,407543,407936,408069,408276,408421,408536,408507,408692,408929,409030,409031,409069,409273,409416,409578,409754,409886,410054,409929,409966,410189,410335,410312,410228,410252,410657,410752,410870,411106,411150,411082,411216,411347,411310,411206,411394,411497,411501,411552,411612,411779,411856,411830,411882,411898,411883,411857,411718,411760,411817,411923,411961,412018,412161,412186,412269,412227,412261,412189,412210,412280,412404,412467,412510,412662,412830,412857,412975,413070,413146,413135,413213,413335,413496,413514,413675,413787,413830,413904,414207,414364,414443,414457,414624,414821,415198,415317,415496,415625,415603,415633,415755,415852,415849,415718,415749,415940,416334,416409,416413,416454,416543,416600,416655,416833,416849,416775,416881,416993,417391,417797,418021,418152,418205
MK18 Kainuu,92463,92453,92478,92513,92566,92516,92572,92568,92563,92538,92573,92459,92468,92471,92499,92492,92467,92471,92459,92367,92328,92297,92332,92190,92153,92121,92113,92171,92171,92150,92146,92117,92108,92063,92052,92010,91953,91920,91936,91953,91963,91992,91997,91878,91862,91809,91833,91794,91801,91791,91813,91815,91868,91831,91744,91589,91525,91444,91387,91350,91340,91298,91266,91243,91207,91181,91119,90935,90888,90828,90812,90781,90725,90701,90682,90642,90596,90597,90528,90389,90199,90119,90087,90035,90000,89936,89876,89850,89825,89698,89657,89389,89147,89074,88993,88896,88802,88704,88644,88554,88566,88582,88506,88209,88066,87998,87949,87843,87806,87754,87730,87675,87602,87552,87488,87180,87081,87005,86993,86943,86842,86805,86765,86693,86580,86505,86395,86237,86033,85908,85803,85736,85589,85530,85474,85396,85275,85205,85105,84902,84749,84654,84639,84497,84379,84317,84275,84207,84185,84123,84074,83836,83660,83647,83592,83477,83405,83393,83364,83327,83279,83274,83222,83007,82900,82845,82809,82744,82642,82568,82515,82512,82507,82526,82500,82379,82245,82288,82253,82214,82196,82165,82179,82122,82047,82002,81936,81819,81695,81685,81642,81585,81476,81406,81402,81376,81330,81235,81205,81072,80951,80859,80812,80738,80683,80647,80627,80588,80630,80583,80572,80448,80345,80296,80255,80218,80200,80170,80165,80167,80129,80128,80089,80006,79840,79781,79750,79690,79624,79585,79546,79521,79489,79460,79427,79321,79299,79277,79224,79234,79233,79225,79141,79156,79148,79090,79011,78880,78740,78781,78718,78703,78607,78577,78530,78469,78394,78354,78270,78141,78054,77990,77974,77984,77925,77846,77827,77781,77771,77716,77673,77566,77501,77543,77519,77435,77394,77345,77329,77292,77305,77212,77122,77015,76909,76850,76847,76782,76731,76690,76633,76592,76604,76520,76475,76314,76235,76177,76165,76119,76058,75993,75892,75902,75872,75769,75692,75596,75539,75450,75417,75324,75270,75226,75216,75152,75090,75095,75029,75013,75023,74969,74918,74803,74766,74762,74696,74621,74553,74426,74310,74249,74139,74062,74025,73959,73911,73854,73817,73717,73616,73566,73504,73385,73287,73255,73177,73061,73030,72959,72947,72843,72762,72733,72626,72558,72459,72409,72357,72306,72245,72206,72134,72087,72022,71991,71946,71873,71831,71752,71703,71664,71678,71639,71587,71571,71562,71528,71476,71442,71381,71305,71284,71255,71217,71126,71009,70920,70821,70825,70733,70600,70622,70589,70603,70521,70455,70438,70448,70411,70342,70321,70213,70245,70184,70199,70196,70164
MK19 Lapland,199985,200068,200135,200198,200254,200290,200446,200351,200336,200393,200523,200674,200807,200877,200934,201084,201180,201228,201258,201317,201373,201475,201559,201652,201839,201936,202033,202091,202136,202185,202244,202305,202328,202358,202400,202433,202494,202522,202613,202728,202784,202796,202883,202877,202841,202837,202873,202895,202893,202921,202963,203027,202999,202879,202796,202667,202577,202449,202396,202325,202364,202384,202359,202363,202282,202167,201996,201783,201685,201639,201580,201411,201417,201384,201371,201379,201316,201248,201003,200762,200745,200653,200597,200579,200448,200411,200380,200365,200282,200110,199927,199741,199495,199360,199250,199051,198935,198830,198720,198611,198419,198090,197895,197545,197228,197020,196861,196647,196548,196417,196310,196107,195893,195505,195321,195005,194819,194624,194522,194352,194176,193982,193861,193829,193555,193237,192963,192703,192346,192167,192015,191768,191545,191465,191321,191203,190895,190508,190293,189920,189623,189481,189396,189288,189221,189202,189053,188840,188555,188184,188029,188022,187860,187832,187827,187777,187709,187652,187677,187647,187518,187293,187185,187149,187143,187068,187027,186917,186873,186885,186925,186827,186582,186508,186413,186486,186438,186435,186452,186443,186396,186423,186370,186347,186222,186039,185916,185850,185829,185728,185749,185800,185763,185762,185644,185524,185351,185153,185018,184918,185014,184954,184922,184935,184912,184881,184762,184620,184369,184187,184104,184168,184330,184404,184434,184390,184417,184417,184365,184258,184063,183861,183834,183725,183876,183912,183958,183963,183912,183915,183927,183886,183621,183479,183462,183466,183594,183628,183652,183748,183784,183776,183781,183661,183518,183321,183242,183242,183382,183390,183468,183488,183501,183491,183527,183512,183374,183187,183164,183157,183195,183288,183347,183330,183318,183263,183244,183178,183005,182918,182813,182801,182942,182875,182899,182844,182807,182785,182734,182605,182345,182256,182112,182384,182412,182432,182500,182514,182535,182482,182361,182191,181997,181778,181694,181716,181785,181838,181860,181748,181685,181661,181533,181406,181135,180860,180751,180808,180805,180752,180787,180858,180763,180682,180566,180442,180267,180080,179926,179988,180180,180208,180244,180207,180117,180066,180016,179860,179445,179158,179009,179184,179156,179141,179188,179223,179147,179053,178962,178735,178470,178321,178207,178356,178496,178505,178554,178522,178361,178292,178189,177906,177553,177362,177284,177308,177267,177230,177258,177161,177147,177143,177099,177000,176896,176773,176606,176631,176659,176635,176625,176665,176671,176664,176630,176538,176495,176442,176354,176380,176483,176517,176530,176494,176469,176395,176290,176066,175909,175762,175678,175680,175765,175772,175839,175795,175696,175657,175686,175557,175365,175282,175237,175540,175724,175896,176112,176150
MA2 land,24257,24256,24260,24288,24358,24429,24442,24485,24528,24565,24585,24604,24608,24616,24627,24639,24686,24724,24773,24788,24797,24817,24814,24847,24878,24899,24895,24927,24928,24954,24956,24970,24980,24984,24989,24993,24985,24989,24985,25014,25033,25041,25054,25055,25039,25057,25069,25102,25115,25110,25124,25114,25140,25158,25176,25185,25165,25150,25150,25158,25163,25157,25158,25164,25196,25196,25201,25192,25176,25171,25171,25202,25160,25163,25164,25180,25197,25235,25247,25237,25223,25247,25238,25257,25264,25274,25264,25275,25311,25326,25355,25359,25356,25376,25371,25392,25383,25411,25414,25443,25512,25537,25562,25540,25546,25564,25575,25625,25627,25632,25623,25617,25650,25685,25709,25701,25692,25709,25700,25706,25707,25717,25726,25729,25752,25802,25810,25796,25783,25759,25762,25776,25781,25790,25778,25812,25856,25921,25958,25953,25964,25959,25959,26008,26022,26052,26097,26150,26179,26224,26298,26304,26278,26278,26263,26257,26255,26244,26240,26266,26285,26351,26401,26362,26327,26337,26345,26347,26339,26344,26379,26400,26430,26477,26518,26498,26440,26478,26514,26530,26527,26533,26542,26565,26617,26721,26737,26696,26688,26701,26718,26766,26763,26776,26816,26849,26888,26936,26965,26880,26861,26858,26877,26923,26948,26961,26978,27020,27065,27134,27172,27132,27119,27125,27132,27153,27185,27215,27246,27280,27348,27429,27491,27440,27388,27390,27418,27456,27464,27512,27541,27568,27624,27698,27736,27662,27670,27673,27676,27734,27728,27735,27753,27802,27853,27929,27967,27914,27918,27935,27977,28007,28000,27999,28032,28071,28100,28189,28245,28247,28258,28267,28307,28354,28357,28384,28386,28432,28481,28544,28587,28546,28494,28494,28501,28501,28503,28511,28520,28557,28581,28666,28711,28663,28653,28652,28657,28666,28676,28698,28726,28750,28808,28899,28960,28921,28888,28878,28911,28916,28885,28885,28868,28866,28883,28932,28923,28883,28859,28899,28949,28983,28998,29012,29019,29051,29080,29174,29197,29136,29144,29151,29160,29214,29233,29253,29242,29274,29343,29479,29508,29445,29420,29413,29458,29489,29491,29504,29517,29533,29579,29673,29750,29721,29691,29728,29760,29789,29803,29816,29835,29841,29888,29936,29929,29890,29866,29871,29862,29884,29839,29852,29874,29897,29952,29998,30038,29966,29988,30002,30030,30129,30160,30169,30207,30249,30285,30349,30386,30303,30281,30293,30322,30344,30320,30317,30328,30357,30366,30411,30463,30408,30390,30389,30371,30359,30351,30360,30400,30417,30464,30520,30549,30516,30512,30506,30515,30541
MK21 land,24257,24256,24260,24288,24358,24429,24442,24485,24528,24565,24585,24604,24608,24616,24627,24639,24686,24724,24773,24788,24797,24817,24814,24847,24878,24899,24895,24927,24928,24954,24956,24970,24980,24984,24989,24993,24985,24989,24985,25014,25033,25041,25054,25055,25039,25057,25069,25102,25115,25110,25124,25114,25140,25158,25176,25185,25165,25150,25150,25158,25163,25157,25158,25164,25196,25196,25201,25192,25176,25171,25171,25202,25160,25163,25164,25180,25197,25235,25247,25237,25223,25247,25238,25257,25264,25274,25264,25275,25311,25326,25355,25359,25356,25376,25371,25392,25383,25411,25414,25443,25512,25537,25562,25540,25546,25564,25575,25625,25627,25632,25623,25617,25650,25685,25709,25701,25692,25709,25700,25706,25707,25717,25726,25729,25752,25802,25810,25796,25783,25759,25762,25776,25781,25790,25778,25812,25856,25921,25958,25953,25964,25959,25959,26008,26022,26052,26097,26150,26179,26224,26298,26304,26278,26278,26263,26257,26255,26244,26240,26266,26285,26351,26401,26362,26327,26337,26345,26347,26339,26344,26379,26400,26430,26477,26518,26498,26440,26478,26514,26530,26527,26533,26542,26565,26617,26721,26737,26696,26688,26701,26718,26766,26763,26776,26816,26849,26888,26936,26965,26880,26861,26858,26877,26923,26948,26961,26978,27020,27065,27134,27172,27132,27119,27125,27132,27153,27185,27215,27246,27280,27348,27429,27491,27440,27388,27390,27418,27456,27464,27512,27541,27568,27624,27698,27736,27662,27670,27673,27676,27734,27728,27735,27753,27802,27853,27929,27967,27914,27918,27935,27977,28007,28000,27999,28032,28071,28100,28189,28245,28247,28258,28267,28307,28354,28357,28384,28386,28432,28481,28544,28587,28546,28494,28494,28501,28501,28503,28511,28520,28557,28581,28666,28711,28663,28653,28652,28657,28666,28676,28698,28726,28750,28808,28899,28960,28921,28888,28878,28911,28916,28885,28885,28868,28866,28883,28932,28923,28883,28859,28899,28949,28983,28998,29012,29019,29051,29080,29174,29197,29136,29144,29151,29160,29214,29233,29253,29242,29274,29343,29479,29508,29445,29420,29413,29458,29489,29491,29504,29517,29533,29579,29673,29750,29721,29691,29728,29760,29789,29803,29816,29835,29841,29888,29936,29929,29890,29866,29871,29862,29884,29839,29852,29874,29897,29952,29998,30038,29966,29988,30002,30030,30129,30160,30169,30207,30249,30285,30349,30386,30303,30281,30293,30322,30344,30320,30317,30328,30357,30366,30411,30463,30408,30390,30389,30371,30359,30351,30360,30400,30417,30464,30520,30549,30516,30512,30506,30515,30541
